id,date,category,price,quantity
1,2023-01-01,,304.06,2.0
2,2023-01-02,,86.57,1.0
3,2023-01-03,Toys,272.41,3.0
4,2023-01-04,Home,122.91,4.0
5,2023-01-05,,374.43,5.0
6,2023-01-06,Electronics,268.75,5.0
7,2023-01-07,Toys,211.5,7.0
8,2023-01-08,Toys,141.71,8.0
9,2023-01-09,,499.36,9.0
10,2023-01-10,Home,45.14,7.0
11,2023-01-11,,9999.99,5.0
12,2023-01-12,Clothing,9999.99,9.0
13,2023-01-13,,9999.99,8.0
14,2023-01-14,Clothing,9999.99,9.0
15,2023-01-15,Electronics,9999.99,8.0
16,2023-01-16,Toys,9999.99,6.0
17,2023-01-17,Toys,114.84,4.0
18,2023-01-18,Home,486.3,9.0
19,2023-01-19,,79.96,9.0
20,2023-01-20,Electronics,59.55,9.0
21,2023-01-21,Clothing,64.98,
22,2023-01-22,Home,290.83,
23,2023-01-23,Electronics,392.68,
24,2023-01-24,Electronics,189.67,
25,2023-01-25,Clothing,489.17,
26,2023-01-26,Clothing,222.87,
27,2023-01-27,Toys,83.72,5.0
28,2023-01-28,,238.32,2.0
29,2023-01-29,Home,342.73,7.0
30,2023-01-30,,417.79,4.0
31,2023-01-31,Home,234.8,3.0
32,2023-02-01,Electronics,300.87,8.0
33,2023-02-02,Clothing,141.0,4.0
34,2023-02-03,Clothing,326.5,4.0
35,2023-02-04,Electronics,493.13,8.0
36,2023-02-05,Electronics,34.04,1.0
37,2023-02-06,Home,444.4,9.0
38,2023-02-07,Electronics,285.52,7.0
39,2023-02-08,Home,133.53,2.0
40,2023-02-09,,477.9,6.0
41,2023-02-10,Clothing,246.84,8.0
42,2023-02-11,Clothing,172.53,5.0
43,2023-02-12,Clothing,98.93,6.0
44,2023-02-13,,129.78,8.0
45,2023-02-14,,418.1,6.0
46,2023-02-15,Toys,311.06,9.0
47,2023-02-16,Home,457.49,9.0
48,2023-02-17,Home,123.66,9.0
49,2023-02-18,Toys,69.36,6.0
50,2023-02-19,Clothing,12.98,9.0
51,2023-02-20,Home,258.85,3.0
52,2023-02-21,Home,499.17,5.0
53,2023-02-22,Clothing,350.53,2.0
54,2023-02-23,Electronics,161.11,8.0
55,2023-02-24,Electronics,439.66,4.0
56,2023-02-25,Toys,393.04,6.0
57,2023-02-26,,17.55,6.0
58,2023-02-27,Home,410.26,5.0
59,2023-02-28,Home,157.26,1.0
60,2023-03-01,Toys,83.34,7.0
61,2023-03-02,Toys,120.9,8.0
62,2023-03-03,Home,239.6,1.0
63,2023-03-04,Clothing,218.19,7.0
64,2023-03-05,Clothing,151.55,4.0
65,2023-03-06,,94.39,6.0
66,2023-03-07,Home,383.49,9.0
67,2023-03-08,Home,495.15,5.0
68,2023-03-09,Home,391.12,8.0
69,2023-03-10,Home,155.01,5.0
70,2023-03-11,Toys,129.96,2.0
71,2023-03-12,Electronics,116.66,4.0
72,2023-03-13,Home,76.98,2.0
73,2023-03-14,Electronics,280.15,7.0
74,2023-03-15,Clothing,306.65,7.0
75,2023-03-16,,355.7,3.0
76,2023-03-17,Clothing,343.3,7.0
77,2023-03-18,Home,153.24,1.0
78,2023-03-19,Clothing,171.85,1.0
79,2023-03-20,Toys,343.94,9.0
80,2023-03-21,Electronics,181.23,6.0
81,2023-03-22,Home,114.19,5.0
82,2023-03-23,Toys,193.42,6.0
83,2023-03-24,Electronics,143.32,6.0
84,2023-03-25,Toys,53.27,1.0
85,2023-03-26,Clothing,416.77,5.0
86,2023-03-27,Home,428.02,9.0
87,2023-03-28,Clothing,117.68,4.0
88,2023-03-29,,41.74,3.0
89,2023-03-30,Home,372.03,1.0
90,2023-03-31,Clothing,113.65,2.0
91,2023-04-01,Home,202.78,3.0
92,2023-04-02,Electronics,41.43,4.0
93,2023-04-03,Home,120.87,7.0
94,2023-04-04,Home,398.52,6.0
95,2023-04-05,Electronics,404.15,8.0
96,2023-04-06,Clothing,111.47,9.0
97,2023-04-07,Home,174.6,6.0
98,2023-04-08,Toys,75.78,7.0
99,2023-04-09,Home,46.34,4.0
100,2023-04-10,Clothing,496.16,2.0
101,2023-04-11,Electronics,331.24,9.0
102,2023-04-12,Clothing,275.63,9.0
103,2023-04-13,,385.09,4.0
104,2023-04-14,Home,421.64,3.0
105,2023-04-15,Home,405.29,6.0
106,2023-04-16,Electronics,18.1,3.0
107,2023-04-17,Home,101.54,1.0
108,2023-04-18,Toys,330.9,4.0
109,2023-04-19,Toys,194.12,1.0
110,2023-04-20,Clothing,491.42,2.0
111,2023-04-21,Electronics,336.05,3.0
112,2023-04-22,,478.71,8.0
113,2023-04-23,Clothing,108.71,4.0
114,2023-04-24,Electronics,433.34,4.0
115,2023-04-25,Electronics,167.46,9.0
116,2023-04-26,Clothing,494.89,7.0
117,2023-04-27,Clothing,87.27,2.0
118,2023-04-28,Home,263.01,3.0
119,2023-04-29,,398.49,4.0
120,2023-04-30,Toys,221.99,4.0
121,2023-05-01,Home,239.36,8.0
122,2023-05-02,Electronics,493.31,6.0
123,2023-05-03,,218.4,3.0
124,2023-05-04,,306.0,9.0
125,2023-05-05,Clothing,36.72,8.0
126,2023-05-06,,422.68,9.0
127,2023-05-07,,327.6,5.0
128,2023-05-08,Electronics,207.97,3.0
129,2023-05-09,Home,17.92,4.0
130,2023-05-10,,299.92,5.0
131,2023-05-11,Clothing,16.2,9.0
132,2023-05-12,Home,10.59,9.0
133,2023-05-13,Clothing,311.89,3.0
134,2023-05-14,,102.62,7.0
135,2023-05-15,Home,104.02,6.0
136,2023-05-16,,330.1,4.0
137,2023-05-17,Electronics,36.31,5.0
138,2023-05-18,Home,163.57,2.0
139,2023-05-19,Clothing,83.22,7.0
140,2023-05-20,Electronics,294.29,4.0
141,2023-05-21,Toys,334.26,2.0
142,2023-05-22,Clothing,363.36,6.0
143,2023-05-23,,135.06,2.0
144,2023-05-24,Clothing,53.73,2.0
145,2023-05-25,Toys,48.55,7.0
146,2023-05-26,Clothing,218.81,1.0
147,2023-05-27,Electronics,473.46,7.0
148,2023-05-28,Clothing,116.69,5.0
149,2023-05-29,Home,135.8,1.0
150,2023-05-30,Toys,59.44,6.0
151,2023-05-31,Clothing,306.73,7.0
152,2023-06-01,Toys,343.14,1.0
153,2023-06-02,Electronics,325.04,9.0
154,2023-06-03,Home,431.95,7.0
155,2023-06-04,,248.35,1.0
156,2023-06-05,Clothing,75.88,3.0
157,2023-06-06,Electronics,151.81,5.0
158,2023-06-07,Toys,334.59,4.0
159,2023-06-08,Toys,310.43,2.0
160,2023-06-09,Electronics,270.19,1.0
161,2023-06-10,Clothing,344.65,4.0
162,2023-06-11,,322.32,7.0
163,2023-06-12,Clothing,441.85,4.0
164,2023-06-13,Home,297.15,9.0
165,2023-06-14,Clothing,391.51,8.0
166,2023-06-15,Home,131.87,8.0
167,2023-06-16,Toys,342.31,5.0
168,2023-06-17,Home,452.08,1.0
169,2023-06-18,,199.01,9.0
170,2023-06-19,Electronics,391.76,2.0
171,2023-06-20,Home,365.15,6.0
172,2023-06-21,Clothing,39.17,5.0
173,2023-06-22,Home,294.94,8.0
174,2023-06-23,Toys,73.79,3.0
175,2023-06-24,Home,483.99,6.0
176,2023-06-25,,407.59,6.0
177,2023-06-26,Home,63.76,3.0
178,2023-06-27,,69.66,7.0
179,2023-06-28,Clothing,301.29,4.0
180,2023-06-29,Toys,179.0,5.0
181,2023-06-30,Electronics,27.1,9.0
182,2023-07-01,Clothing,275.4,6.0
183,2023-07-02,Clothing,200.04,4.0
184,2023-07-03,Electronics,59.53,8.0
185,2023-07-04,Home,402.94,9.0
186,2023-07-05,Home,458.39,5.0
187,2023-07-06,Home,380.73,2.0
188,2023-07-07,Toys,412.99,6.0
189,2023-07-08,Clothing,116.08,8.0
190,2023-07-09,,139.15,5.0
191,2023-07-10,Electronics,112.18,1.0
192,2023-07-11,Clothing,384.88,8.0
193,2023-07-12,Home,474.48,9.0
194,2023-07-13,Electronics,361.25,1.0
195,2023-07-14,,441.92,8.0
196,2023-07-15,Clothing,322.96,2.0
197,2023-07-16,Clothing,199.95,4.0
198,2023-07-17,Toys,218.62,2.0
199,2023-07-18,Clothing,46.91,2.0
200,2023-07-19,Clothing,25.41,3.0
201,2023-07-20,,350.78,8.0
202,2023-07-21,,224.83,4.0
203,2023-07-22,Electronics,280.59,7.0
204,2023-07-23,Home,283.25,3.0
205,2023-07-24,,145.91,3.0
206,2023-07-25,Electronics,243.19,2.0
207,2023-07-26,Clothing,240.67,6.0
208,2023-07-27,Electronics,200.33,6.0
209,2023-07-28,Electronics,412.13,1.0
210,2023-07-29,Electronics,231.07,7.0
211,2023-07-30,Electronics,305.79,4.0
212,2023-07-31,,448.8,3.0
213,2023-08-01,Home,434.45,8.0
214,2023-08-02,Electronics,446.31,2.0
215,2023-08-03,Toys,142.3,9.0
216,2023-08-04,Clothing,27.14,8.0
217,2023-08-05,Clothing,137.92,8.0
218,2023-08-06,Clothing,146.57,3.0
219,2023-08-07,Clothing,455.59,4.0
220,2023-08-08,Clothing,328.13,2.0
221,2023-08-09,Electronics,50.03,2.0
222,2023-08-10,Home,76.34,4.0
223,2023-08-11,Toys,86.28,6.0
224,2023-08-12,,318.91,5.0
225,2023-08-13,Toys,370.35,1.0
226,2023-08-14,,431.23,1.0
227,2023-08-15,,470.91,6.0
228,2023-08-16,Toys,108.84,3.0
229,2023-08-17,Electronics,161.79,3.0
230,2023-08-18,Clothing,127.76,7.0
231,2023-08-19,Electronics,185.79,1.0
232,2023-08-20,Clothing,458.19,1.0
233,2023-08-21,Home,291.81,3.0
234,2023-08-22,,371.71,8.0
235,2023-08-23,Toys,250.16,1.0
236,2023-08-24,Home,24.14,4.0
237,2023-08-25,Clothing,41.46,9.0
238,2023-08-26,Electronics,273.58,4.0
239,2023-08-27,Toys,362.21,8.0
240,2023-08-28,,115.51,7.0
241,2023-08-29,Home,363.74,3.0
242,2023-08-30,,407.23,7.0
243,2023-08-31,Clothing,211.83,7.0
244,2023-09-01,,375.75,3.0
245,2023-09-02,Electronics,207.97,2.0
246,2023-09-03,Home,342.39,9.0
247,2023-09-04,Home,384.36,1.0
248,2023-09-05,Electronics,496.04,7.0
249,2023-09-06,,179.24,4.0
250,2023-09-07,Electronics,211.41,2.0
251,2023-09-08,Toys,91.15,2.0
252,2023-09-09,Electronics,110.0,8.0
253,2023-09-10,,349.76,7.0
254,2023-09-11,Electronics,459.35,7.0
255,2023-09-12,Clothing,203.36,5.0
256,2023-09-13,Electronics,98.12,8.0
257,2023-09-14,Electronics,149.7,2.0
258,2023-09-15,,232.98,2.0
259,2023-09-16,Toys,152.42,5.0
260,2023-09-17,Toys,124.45,1.0
261,2023-09-18,,370.63,6.0
262,2023-09-19,,13.84,4.0
263,2023-09-20,,274.22,6.0
264,2023-09-21,Clothing,398.95,7.0
265,2023-09-22,Home,140.45,3.0
266,2023-09-23,Electronics,305.61,8.0
267,2023-09-24,,337.76,7.0
268,2023-09-25,,330.96,1.0
269,2023-09-26,,228.47,6.0
270,2023-09-27,Toys,179.82,7.0
271,2023-09-28,,419.6,4.0
272,2023-09-29,Electronics,381.64,2.0
273,2023-09-30,,167.42,9.0
274,2023-10-01,Electronics,60.48,7.0
275,2023-10-02,Clothing,45.19,1.0
276,2023-10-03,Home,56.2,8.0
277,2023-10-04,Toys,295.61,3.0
278,2023-10-05,Electronics,35.31,4.0
279,2023-10-06,Clothing,175.09,5.0
280,2023-10-07,Home,379.07,1.0
281,2023-10-08,Home,154.23,6.0
282,2023-10-09,Home,384.02,6.0
283,2023-10-10,Electronics,375.28,2.0
284,2023-10-11,Clothing,130.46,6.0
285,2023-10-12,,367.12,8.0
286,2023-10-13,Clothing,376.41,6.0
287,2023-10-14,Clothing,204.75,4.0
288,2023-10-15,Clothing,113.11,4.0
289,2023-10-16,Electronics,265.42,9.0
290,2023-10-17,Electronics,461.48,6.0
291,2023-10-18,Electronics,323.41,8.0
292,2023-10-19,Clothing,94.73,8.0
293,2023-10-20,Electronics,344.55,7.0
294,2023-10-21,Home,219.33,3.0
295,2023-10-22,Electronics,299.85,1.0
296,2023-10-23,Toys,369.69,5.0
297,2023-10-24,Electronics,262.32,2.0
298,2023-10-25,Electronics,408.85,2.0
299,2023-10-26,Electronics,363.86,7.0
300,2023-10-27,Electronics,311.39,3.0
301,2023-10-28,Toys,83.89,8.0
302,2023-10-29,,419.62,9.0
303,2023-10-30,Electronics,468.59,8.0
304,2023-10-31,Home,77.11,6.0
305,2023-11-01,Toys,249.24,5.0
306,2023-11-02,,136.86,3.0
307,2023-11-03,Electronics,379.72,3.0
308,2023-11-04,,363.6,7.0
309,2023-11-05,Home,79.03,5.0
310,2023-11-06,Toys,439.74,6.0
311,2023-11-07,Toys,98.68,6.0
312,2023-11-08,,400.66,9.0
313,2023-11-09,Electronics,233.92,1.0
314,2023-11-10,Clothing,170.85,8.0
315,2023-11-11,Toys,87.54,5.0
316,2023-11-12,Clothing,92.13,6.0
317,2023-11-13,Toys,334.33,6.0
318,2023-11-14,Electronics,279.71,1.0
319,2023-11-15,Electronics,69.82,3.0
320,2023-11-16,Toys,65.22,6.0
321,2023-11-17,,45.43,9.0
322,2023-11-18,Electronics,374.45,6.0
323,2023-11-19,Electronics,358.82,6.0
324,2023-11-20,Home,38.63,1.0
325,2023-11-21,Electronics,284.53,9.0
326,2023-11-22,Home,51.49,4.0
327,2023-11-23,Electronics,452.84,2.0
328,2023-11-24,Electronics,454.49,1.0
329,2023-11-25,,352.13,3.0
330,2023-11-26,,463.83,3.0
331,2023-11-27,Electronics,407.61,5.0
332,2023-11-28,Toys,415.98,1.0
333,2023-11-29,Toys,289.16,7.0
334,2023-11-30,Electronics,159.97,1.0
335,2023-12-01,Toys,116.72,4.0
336,2023-12-02,Electronics,170.33,6.0
337,2023-12-03,,317.96,1.0
338,2023-12-04,Clothing,94.6,7.0
339,2023-12-05,Home,136.73,7.0
340,2023-12-06,Toys,239.35,3.0
341,2023-12-07,Toys,124.19,4.0
342,2023-12-08,,298.44,6.0
343,2023-12-09,Toys,462.36,7.0
344,2023-12-10,Electronics,376.56,4.0
345,2023-12-11,Electronics,336.55,9.0
346,2023-12-12,Clothing,295.53,9.0
347,2023-12-13,Clothing,249.09,9.0
348,2023-12-14,Clothing,101.42,6.0
349,2023-12-15,Electronics,448.41,2.0
350,2023-12-16,Clothing,131.78,2.0
351,2023-12-17,Clothing,54.74,4.0
352,2023-12-18,Electronics,377.51,9.0
353,2023-12-19,,96.05,3.0
354,2023-12-20,Toys,192.23,6.0
355,2023-12-21,Home,23.86,2.0
356,2023-12-22,Electronics,77.16,1.0
357,2023-12-23,Electronics,94.87,5.0
358,2023-12-24,Home,36.66,8.0
359,2023-12-25,Home,331.76,2.0
360,2023-12-26,Clothing,420.13,9.0
361,2023-12-27,Home,192.92,8.0
362,2023-12-28,Toys,438.54,3.0
363,2023-12-29,Toys,114.54,1.0
364,2023-12-30,Toys,169.44,4.0
365,2023-12-31,Toys,83.86,8.0
366,2024-01-01,Toys,314.07,3.0
367,2024-01-02,Clothing,215.74,2.0
368,2024-01-03,Electronics,310.51,7.0
369,2024-01-04,Home,383.22,4.0
370,2024-01-05,Electronics,277.39,6.0
371,2024-01-06,Home,317.54,5.0
372,2024-01-07,Clothing,468.27,2.0
373,2024-01-08,Clothing,156.54,2.0
374,2024-01-09,,185.99,9.0
375,2024-01-10,,361.67,2.0
376,2024-01-11,Clothing,309.54,8.0
377,2024-01-12,Clothing,97.48,8.0
378,2024-01-13,Home,194.31,1.0
379,2024-01-14,Clothing,239.24,1.0
380,2024-01-15,Electronics,215.5,4.0
381,2024-01-16,Home,97.35,2.0
382,2024-01-17,Clothing,462.97,1.0
383,2024-01-18,Home,383.54,9.0
384,2024-01-19,Home,245.86,3.0
385,2024-01-20,Toys,343.23,1.0
386,2024-01-21,,449.67,2.0
387,2024-01-22,Home,76.73,8.0
388,2024-01-23,Home,132.68,5.0
389,2024-01-24,Toys,275.92,7.0
390,2024-01-25,Clothing,401.52,6.0
391,2024-01-26,Home,27.76,1.0
392,2024-01-27,Toys,492.17,6.0
393,2024-01-28,Electronics,232.9,7.0
394,2024-01-29,Toys,186.02,4.0
395,2024-01-30,,153.43,8.0
396,2024-01-31,,95.43,8.0
397,2024-02-01,Clothing,397.87,7.0
398,2024-02-02,Clothing,478.15,2.0
399,2024-02-03,,212.69,6.0
400,2024-02-04,,476.69,6.0
401,2024-02-05,Home,413.66,7.0
402,2024-02-06,,245.72,6.0
403,2024-02-07,Clothing,340.27,2.0
404,2024-02-08,,223.14,8.0
405,2024-02-09,Clothing,283.77,4.0
406,2024-02-10,Electronics,38.44,9.0
407,2024-02-11,,351.17,8.0
408,2024-02-12,Clothing,35.88,3.0
409,2024-02-13,Toys,410.37,3.0
410,2024-02-14,Home,414.22,8.0
411,2024-02-15,Clothing,126.17,2.0
412,2024-02-16,,168.59,9.0
413,2024-02-17,,245.84,4.0
414,2024-02-18,Electronics,302.36,6.0
415,2024-02-19,Toys,150.8,3.0
416,2024-02-20,Clothing,300.32,3.0
417,2024-02-21,Toys,155.92,3.0
418,2024-02-22,Electronics,37.19,2.0
419,2024-02-23,Home,11.24,8.0
420,2024-02-24,Toys,59.56,9.0
421,2024-02-25,Electronics,398.2,8.0
422,2024-02-26,Clothing,481.1,3.0
423,2024-02-27,Home,219.21,7.0
424,2024-02-28,,261.22,2.0
425,2024-02-29,Electronics,81.96,4.0
426,2024-03-01,,280.01,6.0
427,2024-03-02,Home,80.88,5.0
428,2024-03-03,Electronics,309.5,9.0
429,2024-03-04,Electronics,467.3,4.0
430,2024-03-05,Home,105.89,5.0
431,2024-03-06,Clothing,384.64,4.0
432,2024-03-07,Electronics,21.52,8.0
433,2024-03-08,Home,193.99,8.0
434,2024-03-09,Toys,64.27,3.0
435,2024-03-10,,182.71,1.0
436,2024-03-11,Electronics,95.03,6.0
437,2024-03-12,Toys,192.92,2.0
438,2024-03-13,Electronics,214.59,2.0
439,2024-03-14,Clothing,157.29,3.0
440,2024-03-15,Home,331.74,8.0
441,2024-03-16,Electronics,460.24,3.0
442,2024-03-17,Home,206.29,7.0
443,2024-03-18,Electronics,104.25,9.0
444,2024-03-19,Clothing,142.65,8.0
445,2024-03-20,Clothing,428.46,1.0
446,2024-03-21,Toys,290.1,7.0
447,2024-03-22,Clothing,232.96,7.0
448,2024-03-23,Home,83.32,8.0
449,2024-03-24,Clothing,230.37,5.0
450,2024-03-25,Electronics,146.46,9.0
451,2024-03-26,Clothing,472.15,9.0
452,2024-03-27,Home,443.19,8.0
453,2024-03-28,Electronics,51.11,6.0
454,2024-03-29,Toys,263.16,6.0
455,2024-03-30,Toys,120.28,1.0
456,2024-03-31,Toys,211.28,6.0
457,2024-04-01,Electronics,439.66,4.0
458,2024-04-02,Toys,268.48,4.0
459,2024-04-03,Clothing,173.77,2.0
460,2024-04-04,Electronics,111.87,4.0
461,2024-04-05,Electronics,402.16,5.0
462,2024-04-06,Electronics,316.01,5.0
463,2024-04-07,,239.35,5.0
464,2024-04-08,Home,116.57,4.0
465,2024-04-09,,173.78,1.0
466,2024-04-10,,480.32,8.0
467,2024-04-11,,264.84,3.0
468,2024-04-12,Home,206.34,2.0
469,2024-04-13,,265.5,9.0
470,2024-04-14,Toys,391.7,7.0
471,2024-04-15,Electronics,176.65,9.0
472,2024-04-16,Electronics,97.57,2.0
473,2024-04-17,Clothing,296.62,9.0
474,2024-04-18,Toys,335.95,9.0
475,2024-04-19,Home,359.23,9.0
476,2024-04-20,Electronics,442.17,4.0
477,2024-04-21,,191.88,3.0
478,2024-04-22,Clothing,46.92,6.0
479,2024-04-23,Clothing,479.59,3.0
480,2024-04-24,Electronics,223.16,9.0
481,2024-04-25,Toys,315.4,3.0
482,2024-04-26,Clothing,336.49,2.0
483,2024-04-27,Electronics,277.79,8.0
484,2024-04-28,Toys,110.58,6.0
485,2024-04-29,Electronics,380.02,8.0
486,2024-04-30,Electronics,403.84,7.0
487,2024-05-01,Toys,280.96,3.0
488,2024-05-02,Toys,249.39,8.0
489,2024-05-03,Toys,65.83,1.0
490,2024-05-04,Electronics,51.14,1.0
491,2024-05-05,Clothing,176.39,8.0
492,2024-05-06,Home,162.31,9.0
493,2024-05-07,Home,477.29,6.0
494,2024-05-08,Electronics,393.98,5.0
495,2024-05-09,Electronics,333.36,2.0
496,2024-05-10,Clothing,263.65,9.0
497,2024-05-11,Toys,92.01,6.0
498,2024-05-12,Electronics,489.44,8.0
499,2024-05-13,,193.77,9.0
500,2024-05-14,Toys,62.39,9.0
